{
    "name": "Lerp Test",
    "looped": true,
    "shots":
    [
        {
            "position": [-18375.042969, 1863.740723, 100],
            "focus": [-18375.042969, 1863.740723, -400],
            "hold_time": 1.0,
            "transition_time": 0.5
        },
        {
            "position": [-17272.542969, 1863.740723, 100],
            "focus": [-17272.542969, 1863.740723, -400],
            "hold_time": 1.0,
            "transition_time": 0.5
        }
    ]
}